Mondal,PRESIDENT,MOBILE,Anchal,Sl No,Shaktikendra Name,Shaktikendra Contact,Booth No,Booth Savapati Name,Booth Contact
Mondal-3,TARAK NATH DIBAR,9064848017,ICHAPUR ANCHAL,1,SOUMEN MUKHERJEE,7699723343,187,SUSHANTA MUKHERJEE,9647960957
Mondal-3,TARAK NATH DIBAR,9064848017,ICHAPUR ANCHAL,1,SOUMEN MUKHERJEE,7699723343,188,SWARNA BAGDI,7797246599
Mondal-3,TARAK NATH DIBAR,9064848017,ICHAPUR ANCHAL,1,SOUMEN MUKHERJEE,7699723343,189,BALAI GHOSH,8145568889
Mondal-3,TARAK NATH DIBAR,9064848017,ICHAPUR ANCHAL,1,SOUMEN MUKHERJEE,7699723343,192,PRABIR BAURI,7501637338
Mondal-3,TARAK NATH DIBAR,9064848017,ICHAPUR ANCHAL,1,SOUMEN MUKHERJEE,7699723343,190,SANKAR YADAV,9093820917
Mondal-3,TARAK NATH DIBAR,9064848017,ICHAPUR ANCHAL,1,SOUMEN MUKHERJEE,7699723343,191,PASHUPATI SINGH,8918523546
Mondal-3,TARAK NATH DIBAR,9064848017,ICHAPUR ANCHAL,1,SOUMEN MUKHERJEE,7699723343,193,CHITTA BAURI,
Mondal-3,TARAK NATH DIBAR,9064848017,ICHAPUR ANCHAL,1,SOUMEN MUKHERJEE,7699723343,194,SOILESH BAGDI,
Mondal-3,TARAK NATH DIBAR,9064848017,ICHAPUR ANCHAL,2,KRISHNA DHIBAR,9732938768,195,MONESH RUIDAS,7679909032
Mondal-3,TARAK NATH DIBAR,9064848017,ICHAPUR ANCHAL,2,KRISHNA DHIBAR,9732938768,196,SAGAR BADYAKAR,8927622487
Mondal-3,TARAK NATH DIBAR,9064848017,ICHAPUR ANCHAL,2,KRISHNA DHIBAR,9732938768,197,JIBAN HAZRA,8617069760
Mondal-3,TARAK NATH DIBAR,9064848017,ICHAPUR ANCHAL,2,KRISHNA DHIBAR,9732938768,198,UTTAM KARMAKAR,8927974549
Mondal-3,TARAK NATH DIBAR,9064848017,ICHAPUR ANCHAL,2,KRISHNA DHIBAR,9732938768,199,BIDHAN GORAI,7384883897
Mondal-3,TARAK NATH DIBAR,9064848017,ICHAPUR ANCHAL,2,KRISHNA DHIBAR,9732938768,200,UJJWAL SHOW,
Mondal-3,TARAK NATH DIBAR,9064848017,ICHAPUR ANCHAL,2,KRISHNA DHIBAR,9732938768,201,,
Mondal-3,TARAK NATH DIBAR,9064848017,ICHAPUR ANCHAL,2,KRISHNA DHIBAR,9732938768,202,,
Mondal-3,TARAK NATH DIBAR,9064848017,ICHAPUR ANCHAL,3,ARGHYADEB HALDER,7908592619,203,,8370943896
Mondal-3,TARAK NATH DIBAR,9064848017,ICHAPUR ANCHAL,3,ARGHYADEB HALDER,7908592619,204,TAPAS RUIDAS,9647673694
Mondal-3,TARAK NATH DIBAR,9064848017,ICHAPUR ANCHAL,4,NITYANANDA GORAI,8927974549,205,DINESH BAURI,7364978819
Mondal-3,TARAK NATH DIBAR,9064848017,ICHAPUR ANCHAL,4,NITYANANDA GORAI,8927974549,206,MONORATH HANSDA,8372994452
Mondal-3,TARAK NATH DIBAR,9064848017,ICHAPUR ANCHAL,5,AMIT KUMAR SINGH,9609736143,207,RABI SOREN,
Mondal-3,TARAK NATH DIBAR,9064848017,ICHAPUR ANCHAL,5,AMIT KUMAR SINGH,9609736143,208,ARUP GHOSH,9093611147
Mondal-3,TARAK NATH DIBAR,9064848017,LAUDOHA ANCHAL,1,SUPRIYO BANERJEE,9547079186,154,তపন কর্মকার,
Mondal-3,TARAK NATH DIBAR,9064848017,LAUDOHA ANCHAL,1,SUPRIYO BANERJEE,9547079186,155,,
Mondal-3,TARAK NATH DIBAR,9064848017,LAUDOHA ANCHAL,1,SUPRIYO BANERJEE,9547079186,156,অমরনাথ বালিয়ালা,7319485456
Mondal-3,TARAK NATH DIBAR,9064848017,LAUDOHA ANCHAL,1,SUPRIYO BANERJEE,9547079186,157,শৈলমৃত বাউরি,9046905565
Mondal-3,TARAK NATH DIBAR,9064848017,LAUDOHA ANCHAL,1,SUPRIYO BANERJEE,9547079186,158,PARBATI DOM,8944830457
Mondal-3,TARAK NATH DIBAR,9064848017,LAUDOHA ANCHAL,2,আকাশ বাউরী,8101417389,159,বাউল মৃধা,9046873144
Mondal-3,TARAK NATH DIBAR,9064848017,LAUDOHA ANCHAL,2,আকাশ বাউরী,8101417389,160,MADHU BADYAKAR,8653549777
Mondal-3,TARAK NATH DIBAR,9064848017,LAUDOHA ANCHAL,2,আকাশ বাউরী,8101417389,161,গনেশ ঘোষ,9749370423
Mondal-3,TARAK NATH DIBAR,9064848017,LAUDOHA ANCHAL,2,আকাশ বাউরী,8101417389,162,রোহিত কুমার,
Mondal-3,TARAK NATH DIBAR,9064848017,LAUDOHA ANCHAL,2,আকাশ বাউরী,8101417389,163,দীবাক মৃধা,8918354169
Mondal-3,TARAK NATH DIBAR,9064848017,LAUDOHA ANCHAL,2,আকাশ বাউরী,8101417389,164,,
Mondal-3,TARAK NATH DIBAR,9064848017,LAUDOHA ANCHAL,3,BIJON SADHU,9609595135,165,GANESH RUIDAS,7872618204
Mondal-3,TARAK NATH DIBAR,9064848017,LAUDOHA ANCHAL,3,BIJON SADHU,9609595135,166,RAJKISHORE HANSDA,7076201670
Mondal-3,TARAK NATH DIBAR,9064848017,LAUDOHA ANCHAL,3,BIJON SADHU,9609595135,167,বিপ্লব রায়বা,
Mondal-3,TARAK NATH DIBAR,9064848017,LAUDOHA ANCHAL,4,SUBHO MUKHERJEE,8145565793,168,BAMAPADA LOHAR,8337821088
Mondal-3,TARAK NATH DIBAR,9064848017,LAUDOHA ANCHAL,4,SUBHO MUKHERJEE,8145565793,170,RANJU RUIDAS,
Mondal-3,TARAK NATH DIBAR,9064848017,LAUDOHA ANCHAL,4,SUBHO MUKHERJEE,8145565793,171,BIKASH RUIDAS,8967739842
Mondal-3,TARAK NATH DIBAR,9064848017,LAUDOHA ANCHAL,4,SUBHO MUKHERJEE,8145565793,169,TARAK BAURI,
Mondal-3,TARAK NATH DIBAR,9064848017,LAUDOHA ANCHAL,4,SUBHO MUKHERJEE,8145565793,172,DHANARAJ SINGH,8597387799
Mondal-3,TARAK NATH DIBAR,9064848017,LAUDOHA ANCHAL,5,MANIK BAGDI,9883362725,173,,
Mondal-3,TARAK NATH DIBAR,9064848017,LAUDOHA ANCHAL,5,MANIK BAGDI,9883362725,174,,
Mondal-3,TARAK NATH DIBAR,9064848017,LAUDOHA ANCHAL,5,MANIK BAGDI,9883362725,175,BHAJAN GHOSH,9382134808
Mondal-3,TARAK NATH DIBAR,9064848017,JEMUA ANCHAL,1,ARUP RUIDAS,7679664241,225,SIFAK KHANDAYET,7602800719
Mondal-3,TARAK NATH DIBAR,9064848017,JEMUA ANCHAL,1,ARUP RUIDAS,7679664241,226,SAMIR BADYAKAR,7001968697
Mondal-3,TARAK NATH DIBAR,9064848017,JEMUA ANCHAL,1,ARUP RUIDAS,7679664241,227,SANJIT BAGDI,
Mondal-3,TARAK NATH DIBAR,9064848017,JEMUA ANCHAL,1,ARUP RUIDAS,7679664241,228,সুবোধ রুইদাস,8972903818
Mondal-3,TARAK NATH DIBAR,9064848017,JEMUA ANCHAL,1,ARUP RUIDAS,7679664241,229,মহাদেব বাউরী,8597487713
Mondal-3,TARAK NATH DIBAR,9064848017,JEMUA ANCHAL,1,ARUP RUIDAS,7679664241,230,অমুল বাউরী,9832936885
Mondal-3,TARAK NATH DIBAR,9064848017,JEMUA ANCHAL,2,SUSHANTA PARAMANIK,9641740521,231,SUBHAS BHANDARI,9547363997
Mondal-3,TARAK NATH DIBAR,9064848017,JEMUA ANCHAL,2,SUSHANTA PARAMANIK,9641740521,232,DAYAMOY LOHAR,9641638115
Mondal-3,TARAK NATH DIBAR,9064848017,JEMUA ANCHAL,2,SUSHANTA PARAMANIK,9641740521,233,SAMARESH RUIDAS,9832727905
Mondal-3,TARAK NATH DIBAR,9064848017,JEMUA ANCHAL,2,SUSHANTA PARAMANIK,9641740521,234,GOLOK PRAMANIK,9378302448
Mondal-3,TARAK NATH DIBAR,9064848017,JEMUA ANCHAL,2,SUSHANTA PARAMANIK,9641740521,235,PRATIMA BAURI,6295956684
Mondal-3,TARAK NATH DIBAR,9064848017,JEMUA ANCHAL,2,SUSHANTA PARAMANIK,9641740521,236,DEBAYAN CHAKRABORTY,8637886959
Mondal-3,TARAK NATH DIBAR,9064848017,JEMUA ANCHAL,3,DHARANI RAY,9933021666,237,RABI RUIDAS,8900573184
Mondal-3,TARAK NATH DIBAR,9064848017,JEMUA ANCHAL,3,DHARANI RAY,9933021666,238,,
Mondal-3,TARAK NATH DIBAR,9064848017,JEMUA ANCHAL,3,DHARANI RAY,9933021666,239,PROBODH SARKAR,8653720543
Mondal-4,SAPTARSHI MONDAL,6295698474,GOGLA 1,1,,,131,,
Mondal-4,SAPTARSHI MONDAL,6295698474,GOGLA 1,1,,,132,,
Mondal-4,SAPTARSHI MONDAL,6295698474,GOGLA 1,1,,,133,,
Mondal-4,SAPTARSHI MONDAL,6295698474,GOGLA 1,1,,,134,,
Mondal-4,SAPTARSHI MONDAL,6295698474,GOGLA 2,2,,,138,,
Mondal-4,SAPTARSHI MONDAL,6295698474,GOGLA 2,2,,,139,,
Mondal-4,SAPTARSHI MONDAL,6295698474,GOGLA 2,2,,,140,,
Mondal-4,SAPTARSHI MONDAL,6295698474,GOGLA 2,2,,,141,,
Mondal-4,SAPTARSHI MONDAL,6295698474,GOGLA 3,3,GAJANAN METE,7908159830,145,,
Mondal-4,SAPTARSHI MONDAL,6295698474,GOGLA 3,3,GAJANAN METE,7908159830,151,,
Mondal-4,SAPTARSHI MONDAL,6295698474,GOGLA 3,3,GAJANAN METE,7908159830,152,,
Mondal-4,SAPTARSHI MONDAL,6295698474,GOGLA 4,4,SAYAN PAL,8617052613,135,,
Mondal-4,SAPTARSHI MONDAL,6295698474,GOGLA 4,4,SAYAN PAL,8617052613,136,,
Mondal-4,SAPTARSHI MONDAL,6295698474,GOGLA 4,4,SAYAN PAL,8617052613,137,,
Mondal-4,SAPTARSHI MONDAL,6295698474,GOGLA 4,4,SAYAN PAL,8617052613,153,,
Mondal-4,SAPTARSHI MONDAL,6295698474,GOGLA 5,5,BAIDYANATH DEY,7047267688,142,,
Mondal-4,SAPTARSHI MONDAL,6295698474,GOGLA 5,5,BAIDYANATH DEY,7047267688,143,,
Mondal-4,SAPTARSHI MONDAL,6295698474,GOGLA 5,5,BAIDYANATH DEY,7047267688,144,,
Mondal-4,SAPTARSHI MONDAL,6295698474,GOGLA 5,5,BAIDYANATH DEY,7047267688,146,,
Mondal-4,SAPTARSHI MONDAL,6295698474,GOGLA 6,6,CHANDAN DAS,8016333700,147,,
Mondal-4,SAPTARSHI MONDAL,6295698474,GOGLA 6,6,CHANDAN DAS,8016333700,148,,
Mondal-4,SAPTARSHI MONDAL,6295698474,GOGLA 6,6,CHANDAN DAS,8016333700,149,,
Mondal-4,SAPTARSHI MONDAL,6295698474,GOGLA 6,6,CHANDAN DAS,8016333700,150,,
Mondal-4,SAPTARSHI MONDAL,6295698474,GOURBAZAR 1,7,SHYAMAL MONDAL,7557845293,176,,
Mondal-4,SAPTARSHI MONDAL,6295698474,GOURBAZAR 1,7,SHYAMAL MONDAL,7557845293,177,,
Mondal-4,SAPTARSHI MONDAL,6295698474,GOURBAZAR 1,7,SHYAMAL MONDAL,7557845293,180,,
Mondal-4,SAPTARSHI MONDAL,6295698474,GOURBAZAR 1,7,SHYAMAL MONDAL,7557845293,181,,
Mondal-4,SAPTARSHI MONDAL,6295698474,GOURBAZAR 2,8,LALTU BAURI,7001647753,178,,
Mondal-4,SAPTARSHI MONDAL,6295698474,GOURBAZAR 2,8,LALTU BAURI,7001647753,179,,
Mondal-4,SAPTARSHI MONDAL,6295698474,GOURBAZAR 2,8,LALTU BAURI,7001647753,184,,
Mondal-4,SAPTARSHI MONDAL,6295698474,GOURBAZAR 3,9,NAYAN GHOSH,7407996904,182,,
Mondal-4,SAPTARSHI MONDAL,6295698474,GOURBAZAR 3,9,NAYAN GHOSH,7407996904,183,,
Mondal-4,SAPTARSHI MONDAL,6295698474,GOURBAZAR 3,9,NAYAN GHOSH,7407996904,185,,
Mondal-4,SAPTARSHI MONDAL,6295698474,GOURBAZAR 3,9,NAYAN GHOSH,7407996904,186,,
Mondal-4,SAPTARSHI MONDAL,6295698474,PRATAPPUR 1,10,RAJU HAZRA,7718224736,209,,
Mondal-4,SAPTARSHI MONDAL,6295698474,PRATAPPUR 1,10,RAJU HAZRA,7718224736,210,,
Mondal-4,SAPTARSHI MONDAL,6295698474,PRATAPPUR 1,10,RAJU HAZRA,7718224736,215,,
Mondal-4,SAPTARSHI MONDAL,6295698474,PRATAPPUR 1,10,RAJU HAZRA,7718224736,218,,
Mondal-4,SAPTARSHI MONDAL,6295698474,PRATAPPUR 2,11,SUVENDU SEN,6295025516,211,,
Mondal-4,SAPTARSHI MONDAL,6295698474,PRATAPPUR 2,11,SUVENDU SEN,6295025516,212,,
Mondal-4,SAPTARSHI MONDAL,6295698474,PRATAPPUR 2,11,SUVENDU SEN,6295025516,216,,
Mondal-4,SAPTARSHI MONDAL,6295698474,PRATAPPUR 2,11,SUVENDU SEN,6295025516,217,,
Mondal-4,SAPTARSHI MONDAL,6295698474,PRATAPPUR 2,11,SUVENDU SEN,6295025516,220,,
Mondal-4,SAPTARSHI MONDAL,6295698474,PRATAPPUR 2,11,SUVENDU SEN,6295025516,221,,
Mondal-4,SAPTARSHI MONDAL,6295698474,PRATAPPUR 3,12,PARTHA HATI,8927516906,213,,
Mondal-4,SAPTARSHI MONDAL,6295698474,PRATAPPUR 3,12,PARTHA HATI,8927516906,214,,
Mondal-4,SAPTARSHI MONDAL,6295698474,PRATAPPUR 3,12,PARTHA HATI,8927516906,219,,
Mondal-4,SAPTARSHI MONDAL,6295698474,PRATAPPUR 3,12,PARTHA HATI,8927516906,222,,
Mondal-4,SAPTARSHI MONDAL,6295698474,PRATAPPUR 3,12,PARTHA HATI,8927516906,223,,
Mondal-4,SAPTARSHI MONDAL,6295698474,PRATAPPUR 3,12,PARTHA HATI,8927516906,224,,
Mondal-2,MP-2,1234567890,BAHULA SKP-1,1,KALESWAR PASWAN,8515963548,89,,
Mondal-2,MP-2,1234567890,BAHULA SKP-1,1,KALESWAR PASWAN,8515963548,90,,
Mondal-2,MP-2,1234567890,BAHULA SKP-1,1,KALESWAR PASWAN,8515963548,95,,
Mondal-2,MP-2,1234567890,BAHULA SKP-1,1,KALESWAR PASWAN,8515963548,108,,
Mondal-2,MP-2,1234567890,BAHULA SKP-2,2,TUSHAR KANTI PAL,9851198036,92,,
Mondal-2,MP-2,1234567890,BAHULA SKP-2,2,TUSHAR KANTI PAL,9851198036,97,,
Mondal-2,MP-2,1234567890,BAHULA SKP-2,2,TUSHAR KANTI PAL,9851198036,98,,
Mondal-2,MP-2,1234567890,BAHULA SKP-2,2,TUSHAR KANTI PAL,9851198036,99,,
Mondal-2,MP-2,1234567890,BAHULA SKP-3,3,RAJU SINGH,8670754475,88,,
Mondal-2,MP-2,1234567890,BAHULA SKP-3,3,RAJU SINGH,8670754475,91,,
Mondal-2,MP-2,1234567890,BAHULA SKP-3,3,RAJU SINGH,8670754475,93,,
Mondal-2,MP-2,1234567890,BAHULA SKP-3,3,RAJU SINGH,8670754475,94,,
Mondal-2,MP-2,1234567890,BAHULA SKP-4,4,ABHIJIT BAURI,7905653724,109,,
Mondal-2,MP-2,1234567890,BAHULA SKP-4,4,ABHIJIT BAURI,7905653724,110,,
Mondal-2,MP-2,1234567890,BAHULA SKP-4,4,ABHIJIT BAURI,7905653724,111,,
Mondal-2,MP-2,1234567890,BAHULA SKP-4,4,ABHIJIT BAURI,7905653724,112,,
Mondal-2,MP-2,1234567890,BAHULA SKP-5,5,NITYANANDA BADYAKAR,6297576287,96,,
Mondal-2,MP-2,1234567890,BAHULA SKP-5,5,NITYANANDA BADYAKAR,6297576287,100,,
Mondal-2,MP-2,1234567890,BAHULA SKP-5,5,NITYANANDA BADYAKAR,6297576287,101,,
Mondal-2,MP-2,1234567890,BAHULA SKP-5,5,NITYANANDA BADYAKAR,6297576287,102,,
Mondal-2,MP-2,1234567890,BAHULA SKP-6,6,CHANDAN CHOUHAN,8617663011,103,,
Mondal-2,MP-2,1234567890,BAHULA SKP-6,6,CHANDAN CHOUHAN,8617663011,104,,
Mondal-2,MP-2,1234567890,BAHULA SKP-6,6,CHANDAN CHOUHAN,8617663011,105,,
Mondal-2,MP-2,1234567890,BAHULA SKP-6,6,CHANDAN CHOUHAN,8617663011,106,,
Mondal-2,MP-2,1234567890,BAHULA SKP-6,6,CHANDAN CHOUHAN,8617663011,107,,
Mondal-2,MP-2,1234567890,CHHORA SKP-1,1,ANUP NANDI,8016633943,63,,
Mondal-2,MP-2,1234567890,CHHORA SKP-1,1,ANUP NANDI,8016633943,66,,
Mondal-2,MP-2,1234567890,CHHORA SKP-1,1,ANUP NANDI,8016633943,67,,
Mondal-2,MP-2,1234567890,CHHORA SKP-1,1,ANUP NANDI,8016633943,72,,
Mondal-2,MP-2,1234567890,CHHORA SKP-2,2,BAPPI BAURI,8391089656,64,,
Mondal-2,MP-2,1234567890,CHHORA SKP-2,2,BAPPI BAURI,8391089656,65,,
Mondal-2,MP-2,1234567890,CHHORA SKP-2,2,BAPPI BAURI,8391089656,69,,
Mondal-2,MP-2,1234567890,CHHORA SKP-2,2,BAPPI BAURI,8391089656,70,,
Mondal-2,MP-2,1234567890,CHHORA SKP-2,2,BAPPI BAURI,8391089656,71,,
Mondal-2,MP-2,1234567890,CHHORA SKP-3,3,PRAMANANDA GORAI,9732491131,83,,
Mondal-2,MP-2,1234567890,CHHORA SKP-3,3,PRAMANANDA GORAI,9732491131,84,,
Mondal-2,MP-2,1234567890,CHHORA SKP-3,3,PRAMANANDA GORAI,9732491131,85,,
Mondal-2,MP-2,1234567890,CHHORA SKP-3,3,PRAMANANDA GORAI,9732491131,87,,
Mondal-2,MP-2,1234567890,CHHORA SKP-4,4,DHARMENDRA TURI,7679237357,77,,
Mondal-2,MP-2,1234567890,CHHORA SKP-4,4,DHARMENDRA TURI,7679237357,79,,
Mondal-2,MP-2,1234567890,CHHORA SKP-4,4,DHARMENDRA TURI,7679237357,80,,
Mondal-2,MP-2,1234567890,CHHORA SKP-4,4,DHARMENDRA TURI,7679237357,56,,
Mondal-2,MP-2,1234567890,CHHORA SKP-5,5,NIMAI DHANGAR,8116406586,68,,
Mondal-2,MP-2,1234567890,CHHORA SKP-5,5,NIMAI DHANGAR,8116406586,78,,
Mondal-2,MP-2,1234567890,CHHORA SKP-5,5,NIMAI DHANGAR,8116406586,81,,
Mondal-2,MP-2,1234567890,CHHORA SKP-5,5,NIMAI DHANGAR,8116406586,82,,
Mondal-2,MP-2,1234567890,CHHORA SKP-6,6,BABAI BAURI,9547598179,73,,
Mondal-2,MP-2,1234567890,CHHORA SKP-6,6,BABAI BAURI,9547598179,74,,
Mondal-2,MP-2,1234567890,CHHORA SKP-6,6,BABAI BAURI,9547598179,75,,
Mondal-2,MP-2,1234567890,CHHORA SKP-6,6,BABAI BAURI,9547598179,76,,
Mondal-2,MP-2,1234567890,HARIPUR SKP-1,1,SAHEBRAJ GOPE,9002940179,22,,
Mondal-2,MP-2,1234567890,HARIPUR SKP-1,1,SAHEBRAJ GOPE,9002940179,23,,
Mondal-2,MP-2,1234567890,HARIPUR SKP-1,1,SAHEBRAJ GOPE,9002940179,24,,
Mondal-2,MP-2,1234567890,HARIPUR SKP-1,1,SAHEBRAJ GOPE,9002940179,25,,
Mondal-2,MP-2,1234567890,HARIPUR SKP-1,2,SAHEBRAJ GOPE,9002940179,26,,
Mondal-2,MP-2,1234567890,HARIPUR SKP-2,2,SUJAY BAURI,8348872493,27,,
Mondal-2,MP-2,1234567890,HARIPUR SKP-2,2,SUJAY BAURI,8348872493,28,,
Mondal-2,MP-2,1234567890,HARIPUR SKP-2,2,SUJAY BAURI,8348872493,29,,
Mondal-2,MP-2,1234567890,HARIPUR SKP-2,2,SUJAY BAURI,8348872493,30,,
Mondal-2,MP-2,1234567890,HARIPUR SKP-2,2,SUJAY BAURI,8348872493,36,,
Mondal-2,MP-2,1234567890,HARIPUR SKP-2,2,SUJAY BAURI,8348872493,37,,
Mondal-2,MP-2,1234567890,HARIPUR SKP-3,3,KUNAL TANTY,7363830626,31,,
Mondal-2,MP-2,1234567890,HARIPUR SKP-3,3,KUNAL TANTY,7363830626,32,,
Mondal-2,MP-2,1234567890,HARIPUR SKP-3,3,KUNAL TANTY,7363830626,33,,
Mondal-2,MP-2,1234567890,HARIPUR SKP-3,3,KUNAL TANTY,7363830626,34,,
Mondal-2,MP-2,1234567890,HARIPUR SKP-3,3,KUNAL TANTY,7363830626,35,,
Mondal-1,MP-1,1234567890,NABAGRAM,1,BIBEK BAURI,,115,,
Mondal-1,MP-1,1234567890,NABAGRAM,1,BIBEK BAURI,,116,,
Mondal-1,MP-1,1234567890,NABAGRAM,1,BIBEK BAURI,,117,,
Mondal-1,MP-1,1234567890,NABAGRAM,1,BIBEK BAURI,,118,,
Mondal-1,MP-1,1234567890,NABAGRAM,1,BIBEK BAURI,,119,,
Mondal-1,MP-1,1234567890,KUMARDIHI GRAM,2,DILIP CHAKARBORTY,,122,,
Mondal-1,MP-1,1234567890,KUMARDIHI GRAM,2,DILIP CHAKARBORTY,,123,,
Mondal-1,MP-1,1234567890,KUMARDIHI GRAM,2,DILIP CHAKARBORTY,,124,,
Mondal-1,MP-1,1234567890,KUMARDIHI GRAM,2,DILIP CHAKARBORTY,,125,,
Mondal-1,MP-1,1234567890,KUMARDIHI GRAM,2,DILIP CHAKARBORTY,,126,,
Mondal-1,MP-1,1234567890,KUMARDIHI GRAM,2,DILIP CHAKARBORTY,,127,,
Mondal-1,MP-1,1234567890,"TILABONI SHYMSUNDUR PUR, GGC",3,RABILAL HEMRAM,,128,,
Mondal-1,MP-1,1234567890,"TILABONI SHYMSUNDUR PUR, GGC",3,RABILAL HEMRAM,,129,,
Mondal-1,MP-1,1234567890,"TILABONI SHYMSUNDUR PUR, GGC",3,RABILAL HEMRAM,,130,,
Mondal-1,MP-1,1234567890,"JOWAL BHANGA, AB PIT, LAL BANGLO",4,KAGESH BADYAKAR,,113,,
Mondal-1,MP-1,1234567890,"JOWAL BHANGA, AB PIT, LAL BANGLO",4,KAGESH BADYAKAR,,114,,
Mondal-1,MP-1,1234567890,"JOWAL BHANGA, AB PIT, LAL BANGLO",4,KAGESH BADYAKAR,,120,,
Mondal-1,MP-1,1234567890,"JOWAL BHANGA, AB PIT, LAL BANGLO",4,KAGESH BADYAKAR,,121,,
Mondal-1,MP-1,1234567890,BADYANATHPUR,1,Buddhu Badhyakar,8145676764,,,
Mondal-1,MP-1,1234567890,BADYANATHPUR,2,,,,,
Mondal-1,MP-1,1234567890,BADYANATHPUR,3,Sanjay Badyakar,7318986016,,,
Mondal-1,MP-1,1234567890,BADYANATHPUR,4,Biswajit Mondol,8637597480,,,
Mondal-1,MP-1,1234567890,KENDRA,1,LATU KARMAKAR,9647502442,1,,
Mondal-1,MP-1,1234567890,KENDRA,1,LATU KARMAKAR,9647502442,2,,
Mondal-1,MP-1,1234567890,KENDRA,1,LATU KARMAKAR,9647502442,3,,
Mondal-1,MP-1,1234567890,KENDRA,1,LATU KARMAKAR,9647502442,4,,
Mondal-1,MP-1,1234567890,KENDRA,1,LATU KARMAKAR,9647502442,5,,
Mondal-1,MP-1,1234567890,KENDRA,2,BISWANATH BAURI,6935404057,6,,
Mondal-1,MP-1,1234567890,KENDRA,2,BISWANATH BAURI,6935404057,7,,
Mondal-1,MP-1,1234567890,KENDRA,2,BISWANATH BAURI,6935404057,8,,
Mondal-1,MP-1,1234567890,KENDRA,2,BISWANATH BAURI,6935404057,9,,
Mondal-1,MP-1,1234567890,KENDRA,3,KARUNA MONDAL,9614953687,10,,
Mondal-1,MP-1,1234567890,KENDRA,3,KARUNA MONDAL,9614953687,11,,
Mondal-1,MP-1,1234567890,KENDRA,3,KARUNA MONDAL,9614953687,12,,
Mondal-1,MP-1,1234567890,KENDRA,3,KARUNA MONDAL,9614953687,13,,
Mondal-1,MP-1,1234567890,KENDRA,4,RABI SHANKAR GAUR,9749703855,14,,
Mondal-1,MP-1,1234567890,KENDRA,4,RABI SHANKAR GAUR,9749703855,19,,
Mondal-1,MP-1,1234567890,KENDRA,4,RABI SHANKAR GAUR,9749703855,20,,
Mondal-1,MP-1,1234567890,KENDRA,4,RABI SHANKAR GAUR,9749703855,21,,
Mondal-1,MP-1,1234567890,KENDRA,5,PRADIP SINGH,9635206375,15,,
Mondal-1,MP-1,1234567890,KENDRA,5,PRADIP SINGH,9635206375,16,,
Mondal-1,MP-1,1234567890,KENDRA,5,PRADIP SINGH,9635206375,17,,
Mondal-1,MP-1,1234567890,KENDRA,5,PRADIP SINGH,9635206375,18,,